{
    "error":"0","total":"10",
    "data":[
      {
        "id": "EDGE_01",
        "firstname": "Sergio",
        "lastname": "Romero",
        "shirtnumber": "22",
        "position": "goalkeeper",
        "status": true,
        "received": false
      },
      {
        "id": "EDGE_02",
        "firstname": "Victor",
        "lastname": "Lindelof",
        "shirtnumber": "2",
        "position": "defender",
        "status": true,
        "received": false
      },
      {
        "id": "EDGE_03",
        "firstname": "Eric",
        "lastname": "Bailly",
        "shirtnumber": "3",
        "position": "defender",
        "status": true,
        "received": false
      },
      {
        "id": "EDGE_04",
        "firstname": "Phil",
        "lastname": "Jones",
        "shirtnumber": "4",
        "position": "defender",
        "status": true,
        "received": false
      },
      {
        "id": "EDGE_05",
        "firstname": "Harry",
        "lastname": "Maguire",
        "shirtnumber": "5",
        "position": "defender",
        "status": true,
        "received": false
      },
      {
        "id": "EDGE_06",
        "firstname": "Paul",
        "lastname": "Pogba",
        "shirtnumber": "6",
        "position": "Midfielder",
        "status": true,
        "received": false
      },
      {
        "id": "EDGE_07",
        "firstname": "Jesse",
        "lastname": "Lingard",
        "shirtnumber": "14",
        "position": "Midfielder",
        "status": true,
        "received": false
      },
      {
        "id": "EDGE_08",
        "firstname": "Juan",
        "lastname": "Mata",
        "shirtnumber": "8",
        "position": "Midfielder",
        "status": true,
        "received": false
      },
      {
        "id": "EDGE_09",
        "firstname": "Alexis",
        "lastname": "Sanchez",
        "shirtnumber": "7",
        "position": "Forward",
        "status": true,
        "received": false
      },
      {
        "id": "EDGE_10",
        "firstname": "Odion",
        "lastname": "Ighalo",
        "shirtnumber": "25",
        "position": "Forward",
        "status": true,
        "received": false
      },
      {
        "id": "EDGE_11",
        "firstname": "Anthony",
        "lastname": "Martial",
        "shirtnumber": "9",
        "position": "Forward",
        "status": true,
        "received": false
      }
    ]}